Ngày,Mặt hàng,Giá (VND)
31/12/2019,Xăng RON 95-III,20990
31/12/2019,Xăng E5 RON 92-II,19880
31/12/2019,"Dầu DO 0,05S-II",16590
31/12/2019,Dầu KO,15580
31/10/2024,Xăng RON 95-III,20500
31/10/2024,Xăng E5 RON 92-II,19400
31/10/2024,"Dầu DO 0,05S-II",18140
31/10/2024,"Dầu DO 0,001S-V",18360
31/10/2024,Dầu KO,18830
31/10/2019,Xăng RON 95-III,20440
31/10/2019,Xăng E5 RON 92-II,19250
31/10/2019,"Dầu DO 0,05S-II",16050
31/10/2019,Dầu KO,15130
31/10/2019,Dầu FO 3%S,0
31/10/2019,"Dầu FO 3,5%S",0
31/08/2019,Xăng RON 95-III,20230
31/08/2019,Xăng E5 RON 92-II,19220
31/08/2019,"Dầu DO 0,05S-II",16330
31/08/2019,Dầu KO,15320
31/08/2019,Dầu FO 3%S,0
31/08/2019,"Dầu FO 3,5%S",0
31/07/2025,Xăng RON 95-III,19840
31/07/2025,Xăng E10 RON 95-III,19600
31/07/2025,Xăng E5 RON 92-II,19400
31/07/2025,"Dầu DO 0,05S-II",19060
31/07/2025,"Dầu DO 0,001S-V",19360
31/07/2025,Dầu KO,18710
31/01/2019,Xăng RON 95-III,17600
31/01/2019,Xăng E5 RON 92-II,16270
31/01/2019,"Dầu DO 0,05S-II",14900
31/01/2019,Dầu KO,14180
31/01/2019,Dầu FO 3%S,0
31/01/2019,"Dầu FO 3,5%S",0
30/11/2023,Xăng RON 95-III,22990
30/11/2023,Xăng E5 RON 92-II,21790
30/11/2023,"Dầu DO 0,05S-II",20190
30/11/2023,Dầu KO,21110
30/11/2019,Xăng RON 95-III,21070
30/11/2019,Xăng E5 RON 92-II,19810
30/11/2019,"Dầu DO 0,05S-II",15980
30/11/2019,Dầu KO,14960
30/11/2019,Dầu FO 3%S,0
30/11/2019,"Dầu FO 3,5%S",0
30/10/2025,Xăng RON 95-III,20480
30/10/2025,Xăng E10 RON 95-III,20120
30/10/2025,Xăng E5 RON 92-II,19760
30/10/2025,"Dầu DO 0,05S-II",19200
30/10/2025,"Dầu DO 0,001S-V",19820
30/10/2025,Dầu KO,19270
30/05/2024,Xăng RON 95-III,22510
30/05/2024,Xăng E5 RON 92-II,21750
30/05/2024,"Dầu DO 0,05S-II",19740
30/05/2024,Dầu KO,19930
30/05/2024,"Dầu FO 3,5%S",17530
30/01/2023,Xăng RON 95-III,23140
30/01/2023,Xăng E5 RON 92-II,22320
30/01/2023,"Dầu DO 0,05S-II",22520
30/01/2023,Dầu KO,22570
30/01/2020,Xăng RON 95-III,20120
30/01/2020,Xăng E5 RON 92-II,19260
30/01/2020,"Dầu DO 0,05S-II",16130
30/01/2020,Dầu KO,15060
29/08/2024,Xăng RON 95-III,21100
29/08/2024,Xăng E5 RON 92-II,20330
29/08/2024,"Dầu DO 0,05S-II",18470
29/08/2024,Dầu KO,19060
29/05/2025,Xăng RON 95-III,19560
29/05/2025,Xăng E5 RON 92-II,19190
29/05/2025,"Dầu DO 0,05S-II",17130
29/05/2025,"Dầu DO 0,001S-V",17680
29/05/2025,Dầu KO,17100
29/03/2020,Xăng RON 95-III,12560
29/03/2020,Xăng E5 RON 92-II,11950
29/03/2020,"Dầu DO 0,05S-II",11250
29/03/2020,Dầu KO,9140
29/02/2024,Xăng RON 95-III,23920
29/02/2024,Xăng E5 RON 92-II,22750
29/02/2024,"Dầu DO 0,05S-II",20770
29/02/2024,Dầu KO,20780
29/02/2020,Xăng RON 95-III,19120
29/02/2020,Xăng E5 RON 92-II,18340
29/02/2020,"Dầu DO 0,05S-II",14780
29/02/2020,Dầu KO,13670
28/12/2023,Xăng RON 95-III,22140
28/12/2023,Xăng E5 RON 92-II,21180
28/12/2023,"Dầu DO 0,05S-II",19780
28/12/2023,Dầu KO,20450
28/11/2024,Xăng RON 95-III,20850
28/11/2024,Xăng E5 RON 92-II,19840
28/11/2024,"Dầu DO 0,05S-II",18770
28/11/2024,"Dầu DO 0,001S-V",18930
28/11/2024,Dầu KO,19140
28/08/2025,Xăng RON 95-III,20360
28/08/2025,Xăng E10 RON 95-III,20080
28/08/2025,Xăng E5 RON 92-II,19770
28/08/2025,"Dầu DO 0,05S-II",18350
28/08/2025,"Dầu DO 0,001S-V",18910
28/08/2025,Dầu KO,18220
28/07/2020,Xăng RON 95-III,14970
28/07/2020,Xăng E5 RON 92-II,14400
28/07/2020,"Dầu DO 0,05S-II",12390
28/07/2020,Dầu KO,10270
28/05/2020,Xăng RON 95-III,13120
28/05/2020,Xăng E5 RON 92-II,12400
28/05/2020,"Dầu DO 0,05S-II",10740
28/05/2020,Dầu KO,8750
28/04/2020,Xăng RON 95-III,11630
28/04/2020,Xăng E5 RON 92-II,10940
28/04/2020,"Dầu DO 0,05S-II",9940
28/04/2020,Dầu KO,7960
28/03/2024,Xăng RON 95-III,24810
28/03/2024,Xăng E5 RON 92-II,23620
28/03/2024,"Dầu DO 0,05S-II",20690
28/03/2024,Dầu KO,20870
27/11/2025,Xăng RON 95-III,20000
27/11/2025,Xăng E10 RON 95-III,19650
27/11/2025,Xăng E5 RON 92-II,19280
27/11/2025,"Dầu DO 0,05S-II",18800
27/11/2025,"Dầu DO 0,001S-V",19490
27/11/2025,Dầu KO,19470
27/10/2020,Xăng RON 95-III,14940
27/10/2020,Xăng E5 RON 92-II,14100
27/10/2020,"Dầu DO 0,05S-II",11210
27/10/2020,Dầu KO,9710
27/08/2020,Xăng RON 95-III,15110
27/08/2020,Xăng E5 RON 92-II,14400
27/08/2020,"Dầu DO 0,05S-II",11960
27/08/2020,Dầu KO,10120
27/07/2021,Xăng RON 95-III,21680
27/07/2021,Xăng E5 RON 92-II,20490
27/07/2021,"Dầu DO 0,05S-II",16370
27/07/2021,Dầu KO,15390
27/06/2024,Xăng RON 95-III,23010
27/06/2024,Xăng E5 RON 92-II,22010
27/06/2024,"Dầu DO 0,05S-II",20680
27/06/2024,Dầu KO,20610
27/06/2020,Xăng RON 95-III,14970
27/06/2020,Xăng E5 RON 92-II,14250
27/06/2020,"Dầu DO 0,05S-II",12110
27/06/2020,Dầu KO,10030
27/05/2021,Xăng RON 95-III,19530
27/05/2021,Xăng E5 RON 92-II,18420
27/05/2021,"Dầu DO 0,05S-II",14770
27/05/2021,Dầu KO,13820
27/04/2021,Xăng RON 95-III,19160
27/04/2021,Xăng E5 RON 92-II,17980
27/04/2021,"Dầu DO 0,05S-II",14320
27/04/2021,Dầu KO,13250
27/03/2025,Xăng RON 95-III,20420
27/03/2025,Xăng E5 RON 92-II,20030
27/03/2025,"Dầu DO 0,05S-II",18210
27/03/2025,"Dầu DO 0,001S-V",18650
27/03/2025,Dầu KO,18520
27/03/2021,Xăng RON 95-III,19040
27/03/2021,Xăng E5 RON 92-II,17850
27/03/2021,"Dầu DO 0,05S-II",14240
27/03/2021,Dầu KO,13000
27/02/2025,Xăng RON 95-III,21110
27/02/2025,Xăng E5 RON 92-II,20650
27/02/2025,"Dầu DO 0,05S-II",18950
27/02/2025,"Dầu DO 0,001S-V",19270
27/02/2025,Dầu KO,19330
26/12/2024,Xăng RON 95-III,20540
26/12/2024,Xăng E5 RON 92-II,19810
26/12/2024,"Dầu DO 0,05S-II",18630
26/12/2024,"Dầu DO 0,001S-V",18840
26/12/2024,Dầu KO,18700
26/12/2020,Xăng RON 95-III,16470
26/12/2020,Xăng E5 RON 92-II,15510
26/12/2020,"Dầu DO 0,05S-II",12370
26/12/2020,Dầu KO,11180
26/11/2020,Xăng RON 95-III,15350
26/11/2020,Xăng E5 RON 92-II,14490
26/11/2020,"Dầu DO 0,05S-II",11430
26/11/2020,Dầu KO,10130
26/10/2021,Xăng RON 95-III,24330
26/10/2021,Xăng E5 RON 92-II,23110
26/10/2021,"Dầu DO 0,05S-II",18710
26/10/2021,Dầu KO,17630
26/09/2024,Xăng RON 95-III,20510
26/09/2024,Xăng E5 RON 92-II,19620
26/09/2024,"Dầu DO 0,05S-II",17500
26/09/2024,"Dầu DO 0,001S-V",17850
26/09/2024,Dầu KO,17870
26/09/2020,Xăng RON 95-III,14980
26/09/2020,Xăng E5 RON 92-II,14210
26/09/2020,"Dầu DO 0,05S-II",11120
26/09/2020,Dầu KO,9440
26/08/2021,Xăng RON 95-III,21130
26/08/2021,Xăng E5 RON 92-II,19890
26/08/2021,"Dầu DO 0,05S-II",15660
26/08/2021,Dầu KO,14760
26/06/2025,Xăng RON 95-III,21500
26/06/2025,Xăng E5 RON 92-II,20910
26/06/2025,"Dầu DO 0,05S-II",19700
26/06/2025,"Dầu DO 0,001S-V",20060
26/06/2025,Dầu KO,19410
26/06/2021,Xăng RON 95-III,20910
26/06/2021,Xăng E5 RON 92-II,19760
26/06/2021,"Dầu DO 0,05S-II",16110
26/06/2021,Dầu KO,15050
26/01/2021,Xăng RON 95-III,17270
26/01/2021,Xăng E5 RON 92-II,16300
26/01/2021,"Dầu DO 0,05S-II",13040
26/01/2021,Dầu KO,11900
25/12/2021,Xăng RON 95-III,23290
25/12/2021,Xăng E5 RON 92-II,22550
25/12/2021,"Dầu DO 0,05S-II",17570
25/12/2021,Dầu KO,16510
25/11/2021,Xăng RON 95-III,23900
25/11/2021,Xăng E5 RON 92-II,22910
25/11/2021,"Dầu DO 0,05S-II",18380
25/11/2021,Dầu KO,17190
25/09/2025,Xăng RON 95-III,20160
25/09/2025,Xăng E10 RON 95-III,19830
25/09/2025,Xăng E5 RON 92-II,19610
25/09/2025,"Dầu DO 0,05S-II",18650
25/09/2025,"Dầu DO 0,001S-V",19180
25/09/2025,Dầu KO,18620
25/09/2021,Xăng RON 95-III,21940
25/09/2021,Xăng E5 RON 92-II,20710
25/09/2021,"Dầu DO 0,05S-II",16580
25/09/2021,Dầu KO,15640
25/07/2024,Xăng RON 95-III,22880
25/07/2024,Xăng E5 RON 92-II,21900
25/07/2024,"Dầu DO 0,05S-II",20190
25/07/2024,Dầu KO,20320
25/04/2024,Xăng RON 95-III,24910
25/04/2024,Xăng E5 RON 92-II,23910
25/04/2024,"Dầu DO 0,05S-II",20710
25/04/2024,Dầu KO,20680
25/02/2021,Xăng RON 95-III,18080
25/02/2021,Xăng E5 RON 92-II,17030
25/02/2021,"Dầu DO 0,05S-II",13840
25/02/2021,Dầu KO,12610
25/01/2024,Xăng RON 95-III,23400
25/01/2024,Xăng E5 RON 92-II,22170
25/01/2024,"Dầu DO 0,05S-II",20370
25/01/2024,Dầu KO,20540
24/10/2024,Xăng RON 95-III,20890
24/10/2024,Xăng E5 RON 92-II,19690
24/10/2024,"Dầu DO 0,05S-II",18050
24/10/2024,"Dầu DO 0,001S-V",18310
24/10/2024,Dầu KO,18570
24/07/2025,Xăng RON 95-III,19700
24/07/2025,Xăng E5 RON 92-II,19270
24/07/2025,"Dầu DO 0,05S-II",19120
24/07/2025,"Dầu DO 0,001S-V",19420
24/07/2025,Dầu KO,18620
24/04/2025,Xăng RON 95-III,19630
24/04/2025,Xăng E5 RON 92-II,19230
24/04/2025,"Dầu DO 0,05S-II",17520
24/04/2025,"Dầu DO 0,001S-V",18150
24/04/2025,Dầu KO,17710
23/11/2023,Xăng RON 95-III,23020
23/11/2023,Xăng E5 RON 92-II,21690
23/11/2023,"Dầu DO 0,05S-II",20280
23/11/2023,Dầu KO,20940
23/10/2025,Xăng RON 95-III,19720
23/10/2025,Xăng E10 RON 95-III,19450
23/10/2025,Xăng E5 RON 92-II,19050
23/10/2025,"Dầu DO 0,05S-II",17880
23/10/2025,"Dầu DO 0,001S-V",18500
23/10/2025,Dầu KO,18110
23/05/2024,Xăng RON 95-III,23210
23/05/2024,Xăng E5 RON 92-II,22270
23/05/2024,"Dầu DO 0,05S-II",19830
23/05/2024,Dầu KO,19900
23/05/2022,Xăng RON 95-III,30650
23/05/2022,Xăng E5 RON 92-II,29630
23/05/2022,"Dầu DO 0,05S-II",25550
23/05/2022,Dầu KO,24400
23/01/2025,Xăng RON 95-III,21140
23/01/2025,Xăng E5 RON 92-II,20590
23/01/2025,"Dầu DO 0,05S-II",20190
23/01/2025,"Dầu DO 0,001S-V",20430
23/01/2025,Dầu KO,20110
22/10/2018,Xăng RON 95-III,22200
22/10/2018,Xăng E5 RON 92-II,20680
22/10/2018,"Dầu DO 0,05S-II",18610
22/10/2018,Dầu KO,17080
22/10/2018,Dầu FO 3%S,0
22/10/2018,"Dầu FO 3,5%S",0
22/10/2018,Xăng RON 95-IV,22400
22/10/2018,"Dầu DO 0,005S-IV",18660
22/08/2024,Xăng RON 95-III,21310
22/08/2024,Xăng E5 RON 92-II,20420
22/08/2024,"Dầu DO 0,05S-II",18770
22/08/2024,Dầu KO,19140
22/08/2022,Xăng RON 95-III,24660
22/08/2022,Xăng E5 RON 92-II,23720
22/08/2022,"Dầu DO 0,05S-II",23750
22/08/2022,Dầu KO,24050
22/08/2018,Xăng RON 95-III,21170
22/08/2018,Xăng E5 RON 92-II,19610
22/08/2018,"Dầu DO 0,05S-II",17680
22/08/2018,Dầu KO,16260
22/08/2018,Dầu FO 3%S,0
22/08/2018,"Dầu FO 3,5%S",0
22/08/2018,Xăng RON 95-IV,21370
22/08/2018,"Dầu DO 0,005S-IV",17730
22/05/2025,Xăng RON 95-III,19530
22/05/2025,Xăng E5 RON 92-II,19120
22/05/2025,"Dầu DO 0,05S-II",17400
22/05/2025,"Dầu DO 0,001S-V",17950
22/05/2025,Dầu KO,17310
22/05/2023,Xăng RON 95-III,21490
22/05/2023,Xăng E5 RON 92-II,20480
22/05/2023,"Dầu DO 0,05S-II",17950
22/05/2023,Dầu KO,17960
22/02/2024,Xăng RON 95-III,23590
22/02/2024,Xăng E5 RON 92-II,23590
22/02/2024,"Dầu DO 0,05S-II",20910
22/02/2024,Dầu KO,20920
21/12/2023,Xăng RON 95-III,22140
21/12/2023,Xăng E5 RON 92-II,21190
21/12/2023,"Dầu DO 0,05S-II",19520
21/12/2023,Dầu KO,20490
21/12/2022,Xăng RON 95-III,20700
21/12/2022,Xăng E5 RON 92-II,19970
21/12/2022,"Dầu DO 0,05S-II",21600
21/12/2022,Dầu KO,21830
21/12/2018,Xăng RON 95-III,18140
21/12/2018,Xăng E5 RON 92-II,16780
21/12/2018,"Dầu DO 0,05S-II",16000
21/12/2018,Dầu KO,15000
21/12/2018,Dầu FO 3%S,0
21/12/2018,"Dầu FO 3,5%S",0
21/12/2018,Xăng RON 95-IV,18340
21/12/2018,"Dầu DO 0,005S-IV",16050
21/11/2024,Xăng RON 95-III,20520
21/11/2024,Xăng E5 RON 92-II,19340
21/11/2024,"Dầu DO 0,05S-II",18500
21/11/2024,"Dầu DO 0,001S-V",18610
21/11/2024,Dầu KO,18920
21/11/2022,Xăng RON 95-III,23780
21/11/2022,Xăng E5 RON 92-II,22670
21/11/2022,"Dầu DO 0,05S-II",24800
21/11/2022,Dầu KO,24640
21/11/2018,Xăng RON 95-III,19970
21/11/2018,Xăng E5 RON 92-II,18620
21/11/2018,"Dầu DO 0,05S-II",17630
21/11/2018,Dầu KO,16240
21/11/2018,Dầu FO 3%S,0
21/11/2018,"Dầu FO 3,5%S",0
21/11/2018,Xăng RON 95-IV,20170
21/11/2018,"Dầu DO 0,005S-IV",17680
21/10/2022,Xăng RON 95-III,22340
21/10/2022,Xăng E5 RON 92-II,21490
21/10/2022,"Dầu DO 0,05S-II",24780
21/10/2022,Dầu KO,23660
21/09/2023,Xăng RON 95-III,25740
21/09/2023,Xăng E5 RON 92-II,24190
21/09/2023,"Dầu DO 0,05S-II",23590
21/09/2023,Dầu KO,23810
21/09/2022,Xăng RON 95-III,22580
21/09/2022,Xăng E5 RON 92-II,21780
21/09/2022,"Dầu DO 0,05S-II",22530
21/09/2022,Dầu KO,22440
21/09/2018,Xăng RON 95-III,21770
21/09/2018,Xăng E5 RON 92-II,20230
21/09/2018,"Dầu DO 0,05S-II",18120
21/09/2018,Dầu KO,16680
21/09/2018,Dầu FO 3%S,0
21/09/2018,"Dầu FO 3,5%S",0
21/09/2018,Xăng RON 95-IV,21970
21/09/2018,"Dầu DO 0,005S-IV",18170
21/08/2025,Xăng RON 95-III,20090
21/08/2025,Xăng E10 RON 95-III,19840
21/08/2025,Xăng E5 RON 92-II,19460
21/08/2025,"Dầu DO 0,05S-II",17900
21/08/2025,"Dầu DO 0,001S-V",18460
21/08/2025,Dầu KO,17810
21/08/2023,Xăng RON 95-III,24600
21/08/2023,Xăng E5 RON 92-II,23330
21/08/2023,"Dầu DO 0,05S-II",22350
21/08/2023,Dầu KO,22300
21/07/2023,Xăng RON 95-III,22790
21/07/2023,Xăng E5 RON 92-II,21630
21/07/2023,"Dầu DO 0,05S-II",19500
21/07/2023,Dầu KO,19180
21/07/2022,Xăng RON 95-III,26070
21/07/2022,Xăng E5 RON 92-II,25070
21/07/2022,"Dầu DO 0,05S-II",24850
21/07/2022,Dầu KO,25240
21/06/2023,Xăng RON 95-III,22010
21/06/2023,Xăng E5 RON 92-II,20870
21/06/2023,"Dầu DO 0,05S-II",18170
21/06/2023,Dầu KO,17950
21/06/2022,Xăng RON 95-III,32870
21/06/2022,Xăng E5 RON 92-II,31300
21/06/2022,"Dầu DO 0,05S-II",30010
21/06/2022,Dầu KO,28780
21/04/2023,Xăng RON 95-III,23630
21/04/2023,Xăng E5 RON 92-II,22680
21/04/2023,"Dầu DO 0,05S-II",19390
21/04/2023,Dầu KO,19480
21/04/2022,Xăng RON 95-III,27990
21/04/2022,Xăng E5 RON 92-II,27130
21/04/2022,"Dầu DO 0,05S-II",25350
21/04/2022,Dầu KO,23820
21/03/2024,Xăng RON 95-III,24280
21/03/2024,Xăng E5 RON 92-II,23210
21/03/2024,"Dầu DO 0,05S-II",21010
21/03/2024,Dầu KO,21260
21/03/2023,Xăng RON 95-III,23030
21/03/2023,Xăng E5 RON 92-II,22020
21/03/2023,"Dầu DO 0,05S-II",19300
21/03/2023,Dầu KO,19460
21/03/2022,Xăng RON 95-III,29190
21/03/2022,Xăng E5 RON 92-II,28330
21/03/2022,"Dầu DO 0,05S-II",23630
21/03/2022,Dầu KO,22240
21/02/2023,Xăng RON 95-III,23440
21/02/2023,Xăng E5 RON 92-II,22540
21/02/2023,"Dầu DO 0,05S-II",20800
21/02/2023,Dầu KO,20840
21/02/2022,Xăng RON 95-III,26280
21/02/2022,Xăng E5 RON 92-II,25530
21/02/2022,"Dầu DO 0,05S-II",20800
21/02/2022,Dầu KO,19500
21/01/2022,Xăng RON 95-III,24360
21/01/2022,Xăng E5 RON 92-II,23590
21/01/2022,"Dầu DO 0,05S-II",18900
21/01/2022,Dầu KO,17790
20/11/2025,Xăng RON 95-III,20540
20/11/2025,Xăng E10 RON 95-III,20120
20/11/2025,Xăng E5 RON 92-II,19800
20/11/2025,"Dầu DO 0,05S-II",19820
20/11/2025,"Dầu DO 0,001S-V",20510
20/11/2025,Dầu KO,20280
20/06/2024,Xăng RON 95-III,22460
20/06/2024,Xăng E5 RON 92-II,21500
20/06/2024,"Dầu DO 0,05S-II",20360
20/06/2024,Dầu KO,20350
20/03/2025,Xăng RON 95-III,20080
20/03/2025,Xăng E5 RON 92-II,19690
20/03/2025,"Dầu DO 0,05S-II",17890
20/03/2025,"Dầu DO 0,001S-V",18380
20/03/2025,Dầu KO,18110
20/02/2025,Xăng RON 95-III,21330
20/02/2025,Xăng E5 RON 92-II,20850
20/02/2025,"Dầu DO 0,05S-II",19060
20/02/2025,"Dầu DO 0,001S-V",19470
20/02/2025,Dầu KO,19510
19/12/2024,Xăng RON 95-III,21000
19/12/2024,Xăng E5 RON 92-II,20240
19/12/2024,"Dầu DO 0,05S-II",18730
19/12/2024,"Dầu DO 0,001S-V",18980
19/12/2024,Dầu KO,18960
19/09/2024,Xăng RON 95-III,19760
19/09/2024,Xăng E5 RON 92-II,18940
19/09/2024,"Dầu DO 0,05S-II",17040
19/09/2024,Dầu KO,17550
19/06/2025,Xăng RON 95-III,21240
19/06/2025,Xăng E5 RON 92-II,20630
19/06/2025,"Dầu DO 0,05S-II",19150
19/06/2025,"Dầu DO 0,001S-V",19510
19/06/2025,Dầu KO,18920
18/09/2025,Xăng RON 95-III,20600
18/09/2025,Xăng E10 RON 95-III,20220
18/09/2025,Xăng E5 RON 92-II,19980
18/09/2025,"Dầu DO 0,05S-II",18700
18/09/2025,"Dầu DO 0,001S-V",19230
18/09/2025,Dầu KO,18540
18/07/2024,Xăng RON 95-III,23170
18/07/2024,Xăng E5 RON 92-II,22170
18/07/2024,"Dầu DO 0,05S-II",20500
18/07/2024,Dầu KO,20660
18/03/2019,Xăng RON 95-III,18540
18/03/2019,Xăng E5 RON 92-II,17210
18/03/2019,"Dầu DO 0,05S-II",15860
18/03/2019,Dầu KO,14880
18/03/2019,Dầu FO 3%S,0
18/03/2019,"Dầu FO 3,5%S",0
18/01/2024,Xăng RON 95-III,22480
18/01/2024,Xăng E5 RON 92-II,21410
18/01/2024,"Dầu DO 0,05S-II",20190
18/01/2024,Dầu KO,20530
17/10/2024,Xăng RON 95-III,20960
17/10/2024,Xăng E5 RON 92-II,19730
17/10/2024,"Dầu DO 0,05S-II",18320
17/10/2024,"Dầu DO 0,001S-V",18570
17/10/2024,Dầu KO,18620
17/07/2025,Xăng RON 95-III,19920
17/07/2025,Xăng E5 RON 92-II,19480
17/07/2025,"Dầu DO 0,05S-II",18790
17/07/2025,"Dầu DO 0,001S-V",19090
17/07/2025,Dầu KO,18420
17/07/2019,Xăng RON 95-III,21230
17/07/2019,Xăng E5 RON 92-II,20270
17/07/2019,"Dầu DO 0,05S-II",16990
17/07/2019,Dầu KO,15950
17/07/2019,Dầu FO 3%S,0
17/07/2019,"Dầu FO 3,5%S",0
17/06/2019,Xăng RON 95-III,20130
17/06/2019,Xăng E5 RON 92-II,19230
17/06/2019,"Dầu DO 0,05S-II",16650
17/06/2019,Dầu KO,15610
17/06/2019,Dầu FO 3%S,0
17/06/2019,"Dầu FO 3,5%S",0
17/05/2019,Xăng RON 95-III,21590
17/05/2019,Xăng E5 RON 92-II,20480
17/05/2019,"Dầu DO 0,05S-II",17610
17/05/2019,Dầu KO,16420
17/05/2019,Dầu FO 3%S,0
17/05/2019,"Dầu FO 3,5%S",0
17/04/2025,Xăng RON 95-III,18850
17/04/2025,Xăng E5 RON 92-II,18490
17/04/2025,"Dầu DO 0,05S-II",17030
17/04/2025,"Dầu DO 0,001S-V",17660
17/04/2025,Dầu KO,17180
17/04/2024,Xăng RON 95-III,25230
17/04/2024,Xăng E5 RON 92-II,24220
17/04/2024,"Dầu DO 0,05S-II",21440
17/04/2024,Dầu KO,21410
17/04/2019,Xăng RON 95-III,21230
17/04/2019,Xăng E5 RON 92-II,19700
17/04/2019,"Dầu DO 0,05S-II",17380
17/04/2019,Dầu KO,16260
17/04/2019,Dầu FO 3%S,0
17/04/2019,"Dầu FO 3,5%S",0
16/12/2019,Xăng RON 95-III,20880
16/12/2019,Xăng E5 RON 92-II,19720
16/12/2019,"Dầu DO 0,05S-II",16060
16/12/2019,Dầu KO,15010
16/10/2025,Xăng RON 95-III,19900
16/10/2025,Xăng E10 RON 95-III,19680
16/10/2025,Xăng E5 RON 92-II,19220
16/10/2025,"Dầu DO 0,05S-II",18420
16/10/2025,"Dầu DO 0,001S-V",18940
16/10/2025,Dầu KO,18400
16/10/2019,Xăng RON 95-III,20790
16/10/2019,Xăng E5 RON 92-II,19470
16/10/2019,"Dầu DO 0,05S-II",16220
16/10/2019,Dầu KO,15250
16/10/2019,Dầu FO 3%S,0
16/10/2019,"Dầu FO 3,5%S",0
16/09/2019,Xăng RON 95-III,20140
16/09/2019,Xăng E5 RON 92-II,19110
16/09/2019,"Dầu DO 0,05S-II",16200
16/09/2019,Dầu KO,15360
16/09/2019,Dầu FO 3%S,0
16/09/2019,"Dầu FO 3,5%S",0
16/08/2019,Xăng RON 95-III,20400
16/08/2019,Xăng E5 RON 92-II,19350
16/08/2019,"Dầu DO 0,05S-II",16500
16/08/2019,Dầu KO,15390
16/08/2019,Dầu FO 3%S,0
16/08/2019,"Dầu FO 3,5%S",0
16/05/2024,Xăng RON 95-III,23130
16/05/2024,Xăng E5 RON 92-II,22110
16/05/2024,"Dầu DO 0,05S-II",19870
16/05/2024,Dầu KO,19900
16/01/2025,Xăng RON 95-III,21220
16/01/2025,Xăng E5 RON 92-II,20750
16/01/2025,"Dầu DO 0,05S-II",19780
16/01/2025,"Dầu DO 0,001S-V",19980
16/01/2025,Dầu KO,19700
16/01/2019,Xăng RON 95-III,17600
16/01/2019,Xăng E5 RON 92-II,16270
16/01/2019,"Dầu DO 0,05S-II",14900
16/01/2019,Dầu KO,14180
16/01/2019,Dầu FO 3%S,0
16/01/2019,"Dầu FO 3,5%S",0
15/11/2019,Xăng RON 95-III,20790
15/11/2019,Xăng E5 RON 92-II,19500
15/11/2019,"Dầu DO 0,05S-II",15960
15/11/2019,Dầu KO,14960
15/11/2019,Dầu FO 3%S,0
15/11/2019,"Dầu FO 3,5%S",0
15/08/2024,Xăng RON 95-III,21850
15/08/2024,Xăng E5 RON 92-II,20880
15/08/2024,"Dầu DO 0,05S-II",19230
15/08/2024,Dầu KO,19570
15/05/2025,Xăng RON 95-III,19590
15/05/2025,Xăng E5 RON 92-II,19180
15/05/2025,"Dầu DO 0,05S-II",17220
15/05/2025,"Dầu DO 0,001S-V",17770
15/05/2025,Dầu KO,17220
15/03/2020,Xăng RON 95-III,16810
15/03/2020,Xăng E5 RON 92-II,16050
15/03/2020,"Dầu DO 0,05S-II",13030
15/03/2020,Dầu KO,11840
15/02/2024,Xăng RON 95-III,23910
15/02/2024,Xăng E5 RON 92-II,22830
15/02/2024,"Dầu DO 0,05S-II",21360
15/02/2024,Dầu KO,21220
15/02/2019,Xăng RON 95-III,17600
15/02/2019,Xăng E5 RON 92-II,16270
15/02/2019,"Dầu DO 0,05S-II",14900
15/02/2019,Dầu KO,14180
15/02/2019,Dầu FO 3%S,0
15/02/2019,"Dầu FO 3,5%S",0
15/01/2020,Xăng RON 95-III,20910
15/01/2020,Xăng E5 RON 92-II,19840
15/01/2020,"Dầu DO 0,05S-II",16540
15/01/2020,Dầu KO,15530
14/12/2023,Xăng RON 95-III,21400
14/12/2023,Xăng E5 RON 92-II,20510
14/12/2023,"Dầu DO 0,05S-II",19010
14/12/2023,Dầu KO,19960
14/11/2024,Xăng RON 95-III,20600
14/11/2024,Xăng E5 RON 92-II,19450
14/11/2024,"Dầu DO 0,05S-II",18570
14/11/2024,"Dầu DO 0,001S-V",18660
14/11/2024,Dầu KO,18980
14/08/2025,Xăng RON 95-III,19880
14/08/2025,Xăng E10 RON 95-III,19660
14/08/2025,Xăng E5 RON 92-II,19350
14/08/2025,"Dầu DO 0,05S-II",18070
14/08/2025,"Dầu DO 0,001S-V",18630
14/08/2025,Dầu KO,18020
14/03/2024,Xăng RON 95-III,23540
14/03/2024,Xăng E5 RON 92-II,22490
14/03/2024,"Dầu DO 0,05S-II",20540
14/03/2024,Dầu KO,20700
14/02/2020,Xăng RON 95-III,19380
14/02/2020,Xăng E5 RON 92-II,18500
14/02/2020,"Dầu DO 0,05S-II",15170
14/02/2020,Dầu KO,13950
13/11/2025,Xăng RON 95-III,20570
13/11/2025,Xăng E10 RON 95-III,20150
13/11/2025,Xăng E5 RON 92-II,19840
13/11/2025,"Dầu DO 0,05S-II",19860
13/11/2025,"Dầu DO 0,001S-V",20550
13/11/2025,Dầu KO,19930
13/11/2023,Xăng RON 95-III,23530
13/11/2023,Xăng E5 RON 92-II,22270
13/11/2023,"Dầu DO 0,05S-II",20880
13/11/2023,Dầu KO,21510
13/07/2020,Xăng RON 95-III,14970
13/07/2020,Xăng E5 RON 92-II,14250
13/07/2020,"Dầu DO 0,05S-II",12110
13/07/2020,Dầu KO,10030
13/06/2024,Xăng RON 95-III,22230
13/06/2024,Xăng E5 RON 92-II,21310
13/06/2024,"Dầu DO 0,05S-II",19640
13/06/2024,Dầu KO,19850
13/06/2022,Xăng RON 95-III,32370
13/06/2022,Xăng E5 RON 92-II,31110
13/06/2022,"Dầu DO 0,05S-II",29020
13/06/2022,Dầu KO,27830
13/05/2020,Xăng RON 95-III,12230
13/05/2020,Xăng E5 RON 92-II,11520
13/05/2020,"Dầu DO 0,05S-II",9850
13/05/2020,Dầu KO,7880
13/04/2020,Xăng RON 95-III,11930
13/04/2020,Xăng E5 RON 92-II,11340
13/04/2020,"Dầu DO 0,05S-II",10820
13/04/2020,Dầu KO,8630
13/03/2025,Xăng RON 95-III,19640
13/03/2025,Xăng E5 RON 92-II,19280
13/03/2025,"Dầu DO 0,05S-II",17890
13/03/2025,"Dầu DO 0,001S-V",18360
13/03/2025,Dầu KO,18090
13/03/2023,Xăng RON 95-III,23810
13/03/2023,Xăng E5 RON 92-II,22800
13/03/2023,"Dầu DO 0,05S-II",20500
13/03/2023,Dầu KO,20710
13/02/2025,Xăng RON 95-III,21070
13/02/2025,Xăng E5 RON 92-II,20590
13/02/2025,"Dầu DO 0,05S-II",19070
13/02/2025,"Dầu DO 0,001S-V",19330
13/02/2025,Dầu KO,19470
13/02/2023,Xăng RON 95-III,23760
13/02/2023,Xăng E5 RON 92-II,22860
13/02/2023,"Dầu DO 0,05S-II",21560
13/02/2023,Dầu KO,21590
12/12/2024,Xăng RON 95-III,20590
12/12/2024,Xăng E5 RON 92-II,19860
12/12/2024,"Dầu DO 0,05S-II",18250
12/12/2024,"Dầu DO 0,001S-V",18440
12/12/2024,Dầu KO,18560
12/12/2022,Xăng RON 95-III,21200
12/12/2022,Xăng E5 RON 92-II,20340
12/12/2022,"Dầu DO 0,05S-II",21670
12/12/2022,Dầu KO,21900
12/10/2020,Xăng RON 95-III,15120
12/10/2020,Xăng E5 RON 92-II,14260
12/10/2020,"Dầu DO 0,05S-II",11120
12/10/2020,Dầu KO,9590
12/09/2024,Xăng RON 95-III,19630
12/09/2024,Xăng E5 RON 92-II,18890
12/09/2024,"Dầu DO 0,05S-II",17160
12/09/2024,Dầu KO,17790
12/09/2022,Xăng RON 95-III,23210
12/09/2022,Xăng E5 RON 92-II,22230
12/09/2022,"Dầu DO 0,05S-II",24180
12/09/2022,Dầu KO,24410
12/08/2020,Xăng RON 95-III,14920
12/08/2020,Xăng E5 RON 92-II,14400
12/08/2020,"Dầu DO 0,05S-II",12200
12/08/2020,Dầu KO,10200
12/07/2021,Xăng RON 95-III,21780
12/07/2021,Xăng E5 RON 92-II,20610
12/07/2021,"Dầu DO 0,05S-II",16530
12/07/2021,Dầu KO,15500
12/06/2025,Xăng RON 95-III,19960
12/06/2025,Xăng E5 RON 92-II,19460
12/06/2025,"Dầu DO 0,05S-II",17700
12/06/2025,"Dầu DO 0,001S-V",18060
12/06/2025,Dầu KO,17510
12/06/2023,Xăng RON 95-III,22010
12/06/2023,Xăng E5 RON 92-II,20870
12/06/2023,"Dầu DO 0,05S-II",18020
12/06/2023,Dầu KO,17820
12/06/2020,Xăng RON 95-III,14080
12/06/2020,Xăng E5 RON 92-II,13390
12/06/2020,"Dầu DO 0,05S-II",11510
12/06/2020,Dầu KO,9610
12/05/2021,Xăng RON 95-III,19530
12/05/2021,Xăng E5 RON 92-II,18420
12/05/2021,"Dầu DO 0,05S-II",14770
12/05/2021,Dầu KO,13820
12/04/2022,Xăng RON 95-III,27310
12/04/2022,Xăng E5 RON 92-II,26470
12/04/2022,"Dầu DO 0,05S-II",24380
12/04/2022,Dầu KO,23020
12/04/2021,Xăng RON 95-III,18970
12/04/2021,Xăng E5 RON 92-II,17800
12/04/2021,"Dầu DO 0,05S-II",14140
12/04/2021,Dầu KO,12820
12/03/2021,Xăng RON 95-III,18880
12/03/2021,Xăng E5 RON 92-II,17720
12/03/2021,"Dầu DO 0,05S-II",14400
12/03/2021,Dầu KO,13170
11/12/2020,Xăng RON 95-III,16000
11/12/2020,Xăng E5 RON 92-II,15120
11/12/2020,"Dầu DO 0,05S-II",11890
11/12/2020,Dầu KO,10770
11/11/2022,Xăng RON 95-III,23860
11/11/2022,Xăng E5 RON 92-II,22710
11/11/2022,"Dầu DO 0,05S-II",24980
11/11/2022,Dầu KO,24740
11/11/2020,Xăng RON 95-III,14700
11/11/2020,Xăng E5 RON 92-II,13880
11/11/2020,"Dầu DO 0,05S-II",10830
11/11/2020,Dầu KO,9560
11/10/2023,Xăng RON 95-III,23040
11/10/2023,Xăng E5 RON 92-II,21900
11/10/2023,"Dầu DO 0,05S-II",22410
11/10/2023,Dầu KO,22460
11/10/2022,Xăng RON 95-III,22000
11/10/2022,Xăng E5 RON 92-II,21290
11/10/2022,"Dầu DO 0,05S-II",24180
11/10/2022,Dầu KO,22820
11/10/2021,Xăng RON 95-III,22870
11/10/2021,Xăng E5 RON 92-II,21680
11/10/2021,"Dầu DO 0,05S-II",17540
11/10/2021,Dầu KO,16620
11/09/2025,Xăng RON 95-III,20400
11/09/2025,Xăng E10 RON 95-III,20040
11/09/2025,Xăng E5 RON 92-II,19750
11/09/2025,"Dầu DO 0,05S-II",18640
11/09/2025,"Dầu DO 0,001S-V",19170
11/09/2025,Dầu KO,18360
11/09/2023,Xăng RON 95-III,24870
11/09/2023,Xăng E5 RON 92-II,23470
11/09/2023,"Dầu DO 0,05S-II",23050
11/09/2023,Dầu KO,23180
11/09/2020,Xăng RON 95-III,14980
11/09/2020,Xăng E5 RON 92-II,14260
11/09/2020,"Dầu DO 0,05S-II",11510
11/09/2020,Dầu KO,9590
11/08/2023,Xăng RON 95-III,23990
11/08/2023,Xăng E5 RON 92-II,22820
11/08/2023,"Dầu DO 0,05S-II",22420
11/08/2023,Dầu KO,21880
11/08/2022,Xăng RON 95-III,24660
11/08/2022,Xăng E5 RON 92-II,23720
11/08/2022,"Dầu DO 0,05S-II",22900
11/08/2022,Dầu KO,23320
11/08/2021,Xăng RON 95-III,21680
11/08/2021,Xăng E5 RON 92-II,20490
11/08/2021,"Dầu DO 0,05S-II",16170
11/08/2021,Dầu KO,15170
11/07/2024,Xăng RON 95-III,23290
11/07/2024,Xăng E5 RON 92-II,22280
11/07/2024,"Dầu DO 0,05S-II",20830
11/07/2024,Dầu KO,21030
11/07/2023,Xăng RON 95-III,21490
11/07/2023,Xăng E5 RON 92-II,20410
11/07/2023,"Dầu DO 0,05S-II",18610
11/07/2023,Dầu KO,18320
11/07/2022,Xăng RON 95-III,29670
11/07/2022,Xăng E5 RON 92-II,27780
11/07/2022,"Dầu DO 0,05S-II",26590
11/07/2022,Dầu KO,26340
11/06/2021,Xăng RON 95-III,20160
11/06/2021,Xăng E5 RON 92-II,19040
11/06/2021,"Dầu DO 0,05S-II",15440
11/06/2021,Dầu KO,14410
11/05/2023,Xăng RON 95-III,21000
11/05/2023,Xăng E5 RON 92-II,20130
11/05/2023,"Dầu DO 0,05S-II",17650
11/05/2023,Dầu KO,17970
11/05/2022,Xăng RON 95-III,29980
11/05/2022,Xăng E5 RON 92-II,28950
11/05/2022,"Dầu DO 0,05S-II",26650
11/05/2022,Dầu KO,25160
11/04/2024,Xăng RON 95-III,24820
11/04/2024,Xăng E5 RON 92-II,23840
11/04/2024,"Dầu DO 0,05S-II",21610
11/04/2024,Dầu KO,21590
11/04/2023,Xăng RON 95-III,24240
11/04/2023,Xăng E5 RON 92-II,23170
11/04/2023,"Dầu DO 0,05S-II",20140
11/04/2023,Dầu KO,19730
11/03/2022,Xăng RON 95-III,29820
11/03/2022,Xăng E5 RON 92-II,28980
11/03/2022,"Dầu DO 0,05S-II",25260
11/03/2022,Dầu KO,23910
11/02/2022,Xăng RON 95-III,25320
11/02/2022,Xăng E5 RON 92-II,24570
11/02/2022,"Dầu DO 0,05S-II",19860
11/02/2022,Dầu KO,18750
11/01/2024,Xăng RON 95-III,21930
11/01/2024,Xăng E5 RON 92-II,21040
11/01/2024,"Dầu DO 0,05S-II",19700
11/01/2024,Dầu KO,20330
11/01/2023,Xăng RON 95-III,22150
11/01/2023,Xăng E5 RON 92-II,21350
11/01/2023,"Dầu DO 0,05S-II",21630
11/01/2023,Dầu KO,21800
11/01/2022,Xăng RON 95-III,23870
11/01/2022,Xăng E5 RON 92-II,23150
11/01/2022,"Dầu DO 0,05S-II",18230
11/01/2022,Dầu KO,17130
11/01/2021,Xăng RON 95-III,16930
11/01/2021,Xăng E5 RON 92-II,15940
11/01/2021,"Dầu DO 0,05S-II",12640
11/01/2021,Dầu KO,11550
10/12/2021,Xăng RON 95-III,22800
10/12/2021,Xăng E5 RON 92-II,22080
10/12/2021,"Dầu DO 0,05S-II",17330
10/12/2021,Dầu KO,16320
10/11/2021,Xăng RON 95-III,24990
10/11/2021,Xăng E5 RON 92-II,23660
10/11/2021,"Dầu DO 0,05S-II",18710
10/11/2021,Dầu KO,17630
10/10/2024,Xăng RON 95-III,21060
10/10/2024,Xăng E5 RON 92-II,19840
10/10/2024,"Dầu DO 0,05S-II",18500
10/10/2024,"Dầu DO 0,001S-V",18600
10/10/2024,Dầu KO,18790
10/09/2021,Xăng RON 95-III,21390
10/09/2021,Xăng E5 RON 92-II,20140
10/09/2021,"Dầu DO 0,05S-II",16020
10/09/2021,Dầu KO,15080
10/07/2025,Xăng RON 95-III,20090
10/07/2025,Xăng E5 RON 92-II,19650
10/07/2025,"Dầu DO 0,05S-II",18830
10/07/2025,"Dầu DO 0,001S-V",19150
10/07/2025,Dầu KO,18370
10/04/2025,Xăng RON 95-III,19200
10/04/2025,Xăng E5 RON 92-II,18880
10/04/2025,"Dầu DO 0,05S-II",17240
10/04/2025,"Dầu DO 0,001S-V",17880
10/04/2025,Dầu KO,17410
10/02/2021,Xăng RON 95-III,17270
10/02/2021,Xăng E5 RON 92-II,16300
10/02/2021,"Dầu DO 0,05S-II",13040
10/02/2021,Dầu KO,11900
09/10/2025,Xăng RON 95-III,19720
09/10/2025,Xăng E10 RON 95-III,19500
09/10/2025,Xăng E5 RON 92-II,19130
09/10/2025,"Dầu DO 0,05S-II",18600
09/10/2025,"Dầu DO 0,001S-V",19130
09/10/2025,Dầu KO,18430
09/05/2024,Xăng RON 95-III,23540
09/05/2024,Xăng E5 RON 92-II,22620
09/05/2024,"Dầu DO 0,05S-II",19840
09/05/2024,Dầu KO,19700
09/01/2025,Xăng RON 95-III,21010
09/01/2025,Xăng E5 RON 92-II,20430
09/01/2025,"Dầu DO 0,05S-II",19240
09/01/2025,"Dầu DO 0,001S-V",19510
09/01/2025,Dầu KO,19240
08/08/2024,Xăng RON 95-III,21670
08/08/2024,Xăng E5 RON 92-II,20710
08/08/2024,"Dầu DO 0,05S-II",19140
08/08/2024,Dầu KO,19140
08/05/2025,Xăng RON 95-III,19170
08/05/2025,Xăng E5 RON 92-II,18770
08/05/2025,"Dầu DO 0,05S-II",16800
08/05/2025,"Dầu DO 0,001S-V",17430
08/05/2025,Dầu KO,16940
08/02/2024,Xăng RON 95-III,23260
08/02/2024,Xăng E5 RON 92-II,22120
08/02/2024,"Dầu DO 0,05S-II",20700
08/02/2024,Dầu KO,20580
07/12/2023,Xăng RON 95-III,22320
07/12/2023,Xăng E5 RON 92-II,21290
07/12/2023,"Dầu DO 0,05S-II",19720
07/12/2023,Dầu KO,20920
07/11/2024,Xăng RON 95-III,20850
07/11/2024,Xăng E5 RON 92-II,19740
07/11/2024,"Dầu DO 0,05S-II",18910
07/11/2024,"Dầu DO 0,001S-V",19120
07/11/2024,Dầu KO,19290
07/08/2025,Xăng RON 95-III,20070
07/08/2025,Xăng E10 RON 95-III,19830
07/08/2025,Xăng E5 RON 92-II,19600
07/08/2025,"Dầu DO 0,05S-II",18800
07/08/2025,"Dầu DO 0,001S-V",19200
07/08/2025,Dầu KO,18660
07/03/2024,Xăng RON 95-III,23550
07/03/2024,Xăng E5 RON 92-II,22510
07/03/2024,"Dầu DO 0,05S-II",20470
07/03/2024,Dầu KO,20600
06/12/2018,Xăng RON 95-III,18450
06/12/2018,Xăng E5 RON 92-II,17180
06/12/2018,"Dầu DO 0,05S-II",16250
06/12/2018,Dầu KO,15250
06/12/2018,Dầu FO 3%S,0
06/12/2018,"Dầu FO 3,5%S",0
06/12/2018,Xăng RON 95-IV,18650
06/12/2018,"Dầu DO 0,005S-IV",16300
06/11/2025,Xăng RON 95-III,20410
06/11/2025,Xăng E10 RON 95-III,20010
06/11/2025,Xăng E5 RON 92-II,19680
06/11/2025,"Dầu DO 0,05S-II",19320
06/11/2025,"Dầu DO 0,001S-V",19940
06/11/2025,Dầu KO,19390
06/11/2018,Xăng RON 95-III,21060
06/11/2018,Xăng E5 RON 92-II,19600
06/11/2018,"Dầu DO 0,05S-II",18540
06/11/2018,Dầu KO,17080
06/11/2018,Dầu FO 3%S,0
06/11/2018,"Dầu FO 3,5%S",0
06/11/2018,Xăng RON 95-IV,21260
06/11/2018,"Dầu DO 0,005S-IV",18590
06/10/2018,Xăng RON 95-III,22340
06/10/2018,Xăng E5 RON 92-II,20900
06/10/2018,"Dầu DO 0,05S-II",18610
06/10/2018,Dầu KO,17080
06/10/2018,Dầu FO 3%S,0
06/10/2018,"Dầu FO 3,5%S",0
06/10/2018,Xăng RON 95-IV,22540
06/10/2018,"Dầu DO 0,005S-IV",18660
06/09/2018,Xăng RON 95-III,21470
06/09/2018,Xăng E5 RON 92-II,19910
06/09/2018,"Dầu DO 0,05S-II",18060
06/09/2018,Dầu KO,16550
06/09/2018,Dầu FO 3%S,0
06/09/2018,"Dầu FO 3,5%S",0
06/09/2018,Xăng RON 95-IV,21670
06/09/2018,"Dầu DO 0,005S-IV",18110
06/06/2024,Xăng RON 95-III,21970
06/06/2024,Xăng E5 RON 92-II,21140
06/06/2024,"Dầu DO 0,05S-II",19420
06/06/2024,Dầu KO,19550
06/03/2025,Xăng RON 95-III,20400
06/03/2025,Xăng E5 RON 92-II,19960
06/03/2025,"Dầu DO 0,05S-II",18330
06/03/2025,"Dầu DO 0,001S-V",18670
06/03/2025,Dầu KO,18570
06/02/2025,Xăng RON 95-III,20920
06/02/2025,Xăng E5 RON 92-II,20440
06/02/2025,"Dầu DO 0,05S-II",19050
06/02/2025,"Dầu DO 0,001S-V",19190
06/02/2025,Dầu KO,19410
05/12/2024,Xăng RON 95-III,20560
05/12/2024,Xăng E5 RON 92-II,19860
05/12/2024,"Dầu DO 0,05S-II",18380
05/12/2024,"Dầu DO 0,001S-V",18570
05/12/2024,Dầu KO,18810
05/09/2024,Xăng RON 95-III,20820
05/09/2024,Xăng E5 RON 92-II,19970
05/09/2024,"Dầu DO 0,05S-II",18090
05/09/2024,Dầu KO,18720
05/09/2023,Xăng RON 95-III,24870
05/09/2023,Xăng E5 RON 92-II,23470
05/09/2023,"Dầu DO 0,05S-II",22640
05/09/2023,Dầu KO,22810
05/09/2022,Xăng RON 95-III,24230
05/09/2022,Xăng E5 RON 92-II,23350
05/09/2022,"Dầu DO 0,05S-II",25180
05/09/2022,Dầu KO,25440
05/06/2025,Xăng RON 95-III,19690
05/06/2025,Xăng E5 RON 92-II,19260
05/06/2025,"Dầu DO 0,05S-II",17420
05/06/2025,"Dầu DO 0,001S-V",17970
05/06/2025,Dầu KO,17280
05/05/2025,Xăng RON 95-III,19580
05/05/2025,Xăng E5 RON 92-II,19150
05/05/2025,"Dầu DO 0,05S-II",17350
05/05/2025,"Dầu DO 0,001S-V",17980
05/05/2025,Dầu KO,17560
04/09/2025,Xăng RON 95-III,20430
04/09/2025,Xăng E10 RON 95-III,20070
04/09/2025,Xăng E5 RON 92-II,19850
04/09/2025,"Dầu DO 0,05S-II",18470
04/09/2025,"Dầu DO 0,001S-V",19030
04/09/2025,Dầu KO,18310
04/07/2024,Xăng RON 95-III,23550
04/07/2024,Xăng E5 RON 92-II,22460
04/07/2024,"Dầu DO 0,05S-II",21170
04/07/2024,Dầu KO,21210
04/05/2023,Xăng RON 95-III,22320
04/05/2023,Xăng E5 RON 92-II,21430
04/05/2023,"Dầu DO 0,05S-II",18250
04/05/2023,Dầu KO,18520
04/05/2022,Xăng RON 95-III,28430
04/05/2022,Xăng E5 RON 92-II,27460
04/05/2022,"Dầu DO 0,05S-II",25530
04/05/2022,Dầu KO,23820
04/04/2024,Xăng RON 95-III,24800
04/04/2024,Xăng E5 RON 92-II,23910
04/04/2024,"Dầu DO 0,05S-II",20980
04/04/2024,Dầu KO,21010
04/01/2024,Xăng RON 95-III,21910
04/01/2024,Xăng E5 RON 92-II,21000
04/01/2024,"Dầu DO 0,05S-II",19360
04/01/2024,Dầu KO,19950
03/10/2024,Xăng RON 95-III,19800
03/10/2024,Xăng E5 RON 92-II,18850
03/10/2024,"Dầu DO 0,05S-II",17400
03/10/2024,"Dầu DO 0,001S-V",17510
03/10/2024,Dầu KO,17510
03/10/2022,Xăng RON 95-III,21440
03/10/2022,Xăng E5 RON 92-II,20730
03/10/2022,"Dầu DO 0,05S-II",22200
03/10/2022,Dầu KO,21680
03/07/2025,Xăng RON 95-III,19900
03/07/2025,Xăng E5 RON 92-II,19440
03/07/2025,"Dầu DO 0,05S-II",18400
03/07/2025,"Dầu DO 0,001S-V",18720
03/07/2025,Dầu KO,18130
03/07/2023,Xăng RON 95-III,21420
03/07/2023,Xăng E5 RON 92-II,20470
03/07/2023,"Dầu DO 0,05S-II",18160
03/07/2023,Dầu KO,17920
03/04/2025,Xăng RON 95-III,20910
03/04/2025,Xăng E5 RON 92-II,20370
03/04/2025,"Dầu DO 0,05S-II",18470
03/04/2025,"Dầu DO 0,001S-V",19210
03/04/2025,Dầu KO,18730
03/04/2023,Xăng RON 95-III,23120
03/04/2023,Xăng E5 RON 92-II,22080
03/04/2023,"Dầu DO 0,05S-II",19430
03/04/2023,Dầu KO,19030
03/01/2023,Xăng RON 95-III,22150
03/01/2023,Xăng E5 RON 92-II,21350
03/01/2023,"Dầu DO 0,05S-II",22150
03/01/2023,Dầu KO,22760
02/10/2025,Xăng RON 95-III,20200
02/10/2025,Xăng E10 RON 95-III,19920
02/10/2025,Xăng E5 RON 92-II,19620
02/10/2025,"Dầu DO 0,05S-II",19030
02/10/2025,"Dầu DO 0,001S-V",19560
02/10/2025,Dầu KO,19000
02/10/2023,Xăng RON 95-III,24840
02/10/2023,Xăng E5 RON 92-II,23500
02/10/2023,"Dầu DO 0,05S-II",23590
02/10/2023,Dầu KO,23810
02/07/2019,Xăng RON 95-III,20510
02/07/2019,Xăng E5 RON 92-II,19650
02/07/2019,"Dầu DO 0,05S-II",16940
02/07/2019,Dầu KO,15930
02/07/2019,Dầu FO 3%S,0
02/07/2019,"Dầu FO 3,5%S",0
02/05/2024,Xăng RON 95-III,24950
02/05/2024,Xăng E5 RON 92-II,23910
02/05/2024,"Dầu DO 0,05S-II",20600
02/05/2024,Dầu KO,20540
02/05/2019,Xăng RON 95-III,22190
02/05/2019,Xăng E5 RON 92-II,20680
02/05/2019,"Dầu DO 0,05S-II",17690
02/05/2019,Dầu KO,16620
02/05/2019,Dầu FO 3%S,0
02/05/2019,"Dầu FO 3,5%S",0
02/04/2019,Xăng RON 95-III,20030
02/04/2019,Xăng E5 RON 92-II,18580
02/04/2019,"Dầu DO 0,05S-II",17080
02/04/2019,Dầu KO,15970
02/04/2019,Dầu FO 3%S,0
02/04/2019,"Dầu FO 3,5%S",0
02/03/2019,Xăng RON 95-III,18540
02/03/2019,Xăng E5 RON 92-II,17210
02/03/2019,"Dầu DO 0,05S-II",15860
02/03/2019,Dầu KO,14880
02/03/2019,Dầu FO 3%S,0
02/03/2019,"Dầu FO 3,5%S",0
02/01/2025,Xăng RON 95-III,20740
02/01/2025,Xăng E5 RON 92-II,20050
02/01/2025,"Dầu DO 0,05S-II",18750
02/01/2025,"Dầu DO 0,001S-V",19010
02/01/2025,Dầu KO,18830
01/12/2022,Xăng RON 95-III,22700
01/12/2022,Xăng E5 RON 92-II,21670
01/12/2022,"Dầu DO 0,05S-II",23210
01/12/2022,Dầu KO,23560
01/11/2023,Xăng RON 95-III,23920
01/11/2023,Xăng E5 RON 92-II,22610
01/11/2023,"Dầu DO 0,05S-II",21940
01/11/2023,Dầu KO,22300
01/11/2022,Xăng RON 95-III,22750
01/11/2022,Xăng E5 RON 92-II,21870
01/11/2022,"Dầu DO 0,05S-II",25070
01/11/2022,Dầu KO,23780
01/10/2019,Xăng RON 95-III,21060
01/10/2019,Xăng E5 RON 92-II,19780
01/10/2019,"Dầu DO 0,05S-II",16630
01/10/2019,Dầu KO,15780
01/10/2019,Dầu FO 3%S,0
01/10/2019,"Dầu FO 3,5%S",0
01/08/2024,Xăng RON 95-III,22600
01/08/2024,Xăng E5 RON 92-II,21610
01/08/2024,"Dầu DO 0,05S-II",19870
01/08/2024,Dầu KO,20090
01/08/2023,Xăng RON 95-III,23960
01/08/2023,Xăng E5 RON 92-II,22790
01/08/2023,"Dầu DO 0,05S-II",20610
01/08/2023,Dầu KO,20270
01/08/2022,Xăng RON 95-III,25600
01/08/2022,Xăng E5 RON 92-II,24620
01/08/2022,"Dầu DO 0,05S-II",23900
01/08/2022,Dầu KO,24530
01/08/2019,Xăng RON 95-III,20910
01/08/2019,Xăng E5 RON 92-II,19900
01/08/2019,"Dầu DO 0,05S-II",17020
01/08/2019,Dầu KO,15960
01/08/2019,Dầu FO 3%S,0
01/08/2019,"Dầu FO 3,5%S",0
01/07/2025,Xăng RON 95-III,21110
01/07/2025,Xăng E5 RON 92-II,20530
01/07/2025,"Dầu DO 0,05S-II",19340
01/07/2025,"Dầu DO 0,001S-V",19700
01/07/2025,Dầu KO,19060
01/07/2022,Xăng RON 95-III,32760
01/07/2022,Xăng E5 RON 92-II,30890
01/07/2022,"Dầu DO 0,05S-II",29610
01/07/2022,Dầu KO,28350
01/06/2023,Xăng RON 95-III,22010
01/06/2023,Xăng E5 RON 92-II,20870
01/06/2023,"Dầu DO 0,05S-II",17940
01/06/2023,Dầu KO,17770
01/06/2022,Xăng RON 95-III,31570
01/06/2022,Xăng E5 RON 92-II,30230
01/06/2022,"Dầu DO 0,05S-II",26390
01/06/2022,Dầu KO,25340
01/06/2019,Xăng RON 95-III,21210
01/06/2019,Xăng E5 RON 92-II,20210
01/06/2019,"Dầu DO 0,05S-II",17390
01/06/2019,Dầu KO,16220
01/06/2019,Dầu FO 3%S,0
01/06/2019,"Dầu FO 3,5%S",0
01/04/2022,Xăng RON 95-III,28150
01/04/2022,Xăng E5 RON 92-II,27300
01/04/2022,"Dầu DO 0,05S-II",25080
01/04/2022,Dầu KO,23760
01/03/2023,Xăng RON 95-III,23320
01/03/2023,Xăng E5 RON 92-II,22420
01/03/2023,"Dầu DO 0,05S-II",20250
01/03/2023,Dầu KO,20470
01/03/2022,Xăng RON 95-III,26830
01/03/2022,Xăng E5 RON 92-II,26070
01/03/2022,"Dầu DO 0,05S-II",21310
01/03/2022,Dầu KO,19970
01/02/2025,Xăng RON 95-III,21000
01/02/2025,Xăng E5 RON 92-II,20390
01/02/2025,"Dầu DO 0,05S-II",19240
01/02/2025,"Dầu DO 0,001S-V",19420
01/02/2025,Dầu KO,19430
01/02/2024,Xăng RON 95-III,24160
01/02/2024,Xăng E5 RON 92-II,22910
01/02/2024,"Dầu DO 0,05S-II",20990
01/02/2024,Dầu KO,20920
01/01/2023,Xăng RON 95-III,21800
01/01/2023,Xăng E5 RON 92-II,21020
01/01/2023,"Dầu DO 0,05S-II",22150
01/01/2023,Dầu KO,22160
01/01/2019,Xăng RON 95-III,17600
01/01/2019,Xăng E5 RON 92-II,16270
01/01/2019,"Dầu DO 0,05S-II",14900
01/01/2019,Dầu KO,14180
01/01/2019,Dầu FO 3%S,0
01/01/2019,"Dầu FO 3,5%S",0
01/01/2019,Xăng RON 95-IV,17800
01/01/2019,"Dầu DO 0,005S-IV",14950
